{
  "backend/config.py": 1778039564.3565865,
  "backend/main.py": 1778039665.2677495,
  "backend/src/auth.py": 1778039670.6267579,
  "backend/src/resume_handler.py": 1777968462.0832899,
  "backend/src/gmail_sender.py": 1778039693.7787936,
  "backend/src/linkedin_fetcher.py": 1777976098.0566168,
  "backend/src/ai_generator.py": 1777985376.0289166,
  "backend/src/logger.py": 1777972037.4608996,
  "backend/src/email_extractor.py": 1777968460.0992856,
  "backend/src/ai/__init__.py": 1777981534.181933,
  "backend/src/ai/llm.py": 1777985366.916901,
  "backend/src/db/models.py": 1778039565.1365879,
  "backend/src/db/database.py": 1777985309.7388043,
  "backend/src/db/__init__.py": 1778002175.4419887,
  "backend/src/agent/graph.py": 1777978117.5320022,
  "backend/src/agent/state.py": 1777973108.527204,
  "backend/src/agent/tools.py": 1778039679.5637717,
  "frontend/next-env.d.ts": 1777984077.8326862,
  "frontend/next.config.js": 1777983609.8418365,
  "frontend/src/app/page.tsx": 1777985486.2471147,
  "frontend/src/app/layout.tsx": 1777984820.277977,
  "frontend/src/app/auth/google/callback/page.tsx": 1777998876.7327158,
  "frontend/src/app/settings/page.tsx": 1778039736.70586,
  "frontend/src/app/apply/page.tsx": 1778001587.473631,
  "frontend/src/lib/api.ts": 1778039586.6396227,
  "frontend/src/lib/auth.tsx": 1777998865.7726924,
  "README.md": 1777980588.0290582,
  "DESIGN.md": 1777983301.7592762,
  "AGENTS.md": 1778039634.777701,
  "backend/requirements.txt": 1777988649.8076255,
  "backend/resume.pdf": 1777971838.9024754,
  "backend/uploads/resume_1_20260505_222408.pdf": 1778001848.470677,
  "backend/uploads/resume_1_20260505_224223.pdf": 1778002943.2153344,
  "backend/uploads/resume_1_20260505_222254.pdf": 1778001774.4376373
}